script,model_and_harness_sha256,ran_at_utc
breakeven.py,621452b391360db2957ca5cafc8fa1a424efe87a8d0db95ad79a0e9d2f2404d3,2026-09-17T00:50:09Z
cohorts.py,621452b391360db2957ca5cafc8fa1a424efe87a8d0db95ad79a0e9d2f2404d3,2026-09-17T01:18:38Z
funding.py,621452b391360db2957ca5cafc8fa1a424efe87a8d0db95ad79a0e9d2f2404d3,2026-09-17T00:49:04Z
invariants.py,621452b391360db2957ca5cafc8fa1a424efe87a8d0db95ad79a0e9d2f2404d3,2026-09-17T01:22:37Z
omissions.py,621452b391360db2957ca5cafc8fa1a424efe87a8d0db95ad79a0e9d2f2404d3,2026-09-17T01:20:24Z
params.py,621452b391360db2957ca5cafc8fa1a424efe87a8d0db95ad79a0e9d2f2404d3,2026-09-17T00:29:17Z
rescue_grid.py,621452b391360db2957ca5cafc8fa1a424efe87a8d0db95ad79a0e9d2f2404d3,2026-09-17T01:06:16Z
sensitivity.py,621452b391360db2957ca5cafc8fa1a424efe87a8d0db95ad79a0e9d2f2404d3,2026-09-17T00:38:37Z
variants.py,621452b391360db2957ca5cafc8fa1a424efe87a8d0db95ad79a0e9d2f2404d3,2026-09-17T00:30:10Z
