seed,run_date,scenario,note,terminal_cash_mean,terminal_cash_p50,peak_funding_mean,peak_funding_p50,peak_funding_p80,peak_funding_p90,share_reaching_profitability,median_month_rev_passes_cost,terminal_active_hh_mean,final_year_effective_cac_mean,mean_share_over_allowance,total_tax_collected_mean,min_of_mean_trough,mean_of_min_trough,understatement_ratio,band_central_placement_terminal,total_content_cost_mean,total_cost_mean,total_net_revenue_mean,pathwise_spearman_vs_base,pathwise_mean_abs_delta,abs_mean_delta
20260916,2026-09-16,por,"the plan of record, as published",-8682960.561243,-20176327.175652,20550577.471461,20216151.644173,28435027.719976,33468802.865459,0.198750,23.000000,32498.891616,40.408494,0.236145,3774664.601022,-10465590.392909,-20550577.471461,0.509260,0.498650,13965825.810650,39341949.938133,30658989.376890,1.000000,0.000000,0.000000
20260916,2026-09-16,por_feedback_off,the feedback machinery present but switched off; must equal por exactly,-8682960.561243,-20176327.175652,20550577.471461,20216151.644173,28435027.719976,33468802.865459,0.198750,23.000000,32498.891616,40.408494,0.236145,3774664.601022,-10465590.392909,-20550577.471461,0.509260,0.498650,13965825.810650,39341949.938133,30658989.376890,1.000000,0.000000,0.000000
20260916,2026-09-16,por_feedback_on,"price costs retention, expansion pace costs quality, automation costs engineering",-16815312.612803,-21423045.046503,22056731.862827,21443799.007432,29591683.906569,34527595.978946,0.138100,24.000000,22431.183060,34.326154,0.236120,2203816.466858,-16933580.487341,-22056731.862827,0.767728,0.498450,13965825.810650,34300717.345249,17485404.732445,0.944988,8370089.927313,8132352.051561
20260916,2026-09-16,por_dependence,"Iman-Conover dependence between drivers, every marginal preserved exactly",-4787432.829066,-20218586.896789,20691414.324091,20255390.887258,28611831.261838,33916577.676913,0.188150,23.000000,39843.206882,40.440397,0.235784,4479171.909385,-8958641.111315,-20691414.324091,0.432964,0.499200,13899301.593324,41834278.689685,37046845.860619,0.297441,34685074.739651,3895527.732177
20260916,2026-09-16,por_dependence_feedback,dependence and feedback together,-14943214.332846,-21414380.619577,22150954.565192,21437714.879425,29718189.413456,34961817.557731,0.133100,24.000000,27898.323337,34.350395,0.235748,2568752.679475,-15341218.899643,-22150954.565192,0.692576,0.497550,13899301.593324,35705187.050196,20761972.717350,0.276451,27093572.221252,6260253.771603
20260916,2026-09-16,por_fx_sampled,"the fixed rate replaced by a sampled one, to price what fixing it hides",-8640394.970834,-20164078.672754,20556671.571658,20210390.816852,28439647.209161,33493875.605930,0.197700,23.000000,32413.729824,40.373606,0.236145,3795811.220424,-10418542.163899,-20556671.571658,0.506820,0.498200,13965825.810650,39379909.195843,30739514.225009,0.997712,1945700.363910,42565.590409
20260916,2026-09-16,por_india_d2c,India opened direct to parents rather than through institutions,-11969922.834270,-23155532.995043,23868440.212940,23217493.200579,32880320.316155,38699410.978106,0.189200,24.000000,52025.625232,30.538647,0.233324,4297078.261620,-13596182.062228,-23868440.212940,0.569630,0.498550,16461584.031681,44852176.103244,32882253.268973,0.994635,4793734.752931,3286962.273028
20260916,2026-09-16,por_appstore,a share of consumer billing routed through an app store at 15 per cent,-10930975.797475,-20553407.526364,20988586.552039,20605985.390573,28751572.792334,33789352.751451,0.180750,24.000000,32498.891616,40.408494,0.236145,3774664.601022,-11986258.496131,-20988586.552039,0.571085,0.499300,13965825.810650,41589965.174365,30658989.376890,0.997000,2248015.236232,2248015.236232
20260916,2026-09-16,por_allowance_enforced,the session allowance enforced rather than sold and overshot,-8591507.783179,-20136594.962822,20520635.893166,20191241.238252,28415946.196117,33457188.638628,0.199600,23.000000,32498.891616,40.408494,0.236145,3774664.601022,-10406706.971462,-20520635.893166,0.507134,0.498450,13965825.810650,39250497.160069,30658989.376890,0.999903,91452.778063,91452.778063
20260916,2026-09-16,ukonly,"UK consumer only: no second market, no institution channel, and charged accordingly",-8493333.550683,-12571070.996803,12858537.007535,12585202.692339,17664271.934021,20787942.707287,0.190450,19.000000,13033.716332,33.800599,0.234656,2743650.241772,-8666234.914479,-12858537.007535,0.673967,0.499700,8596098.326204,22211584.759544,13718251.208860,0.976379,14989924.491067,189627.010559
20260916,2026-09-16,por_no_schools,"the plan of record without the institution channel, everything else identical",-6444594.098071,-17918352.996244,18595095.423356,18012729.191770,26185430.867792,31146029.349088,0.222100,24.000000,32094.929907,34.618118,0.235751,3766928.507903,-9278219.528965,-18595095.423356,0.498961,0.498600,13965825.810650,36873634.248700,30429040.150629,0.998724,2238366.463171,2238366.463171
20260916,2026-09-16,por_creator_fees,"signed creators want money: a fixed annual minimum each, plus a share of the revenue their audience brought",-10765603.906098,-21533535.696275,21787077.028682,21568837.885560,29861250.789864,34836544.240214,0.178950,23.000000,32498.891616,40.408494,0.236145,3774664.601022,-11816728.145376,-21787077.028682,0.542373,0.499000,13965825.810650,41424593.282988,30658989.376890,0.996974,2082643.344856,2082643.344856
20260916,2026-09-16,por_onshore_half,half the engineering forced onshore by a restricted-transfer finding on United Kingdom children's data,-15378096.252880,-26661133.304846,26656606.838320,26689042.782637,35889968.229137,41374485.745330,0.164850,23.000000,32498.891616,40.408494,0.236145,3774664.601022,-16182298.243218,-26656606.838320,0.607065,0.499450,13965825.810650,46037085.629770,30658989.376890,0.962001,6695135.691637,6695135.691637
20260916,2026-09-16,por_onshore_all,"all learner-facing engineering forced onshore, the worst reading of docs/05's unconfirmed transfer position",-22073231.944517,-32910131.130028,32861250.770358,32947708.856184,43702262.075984,50108768.975956,0.143050,24.000000,32498.891616,40.408494,0.236145,3774664.601022,-22379124.109346,-32861250.770358,0.681019,0.499250,13965825.810650,52732221.321407,30658989.376890,0.888446,13390271.383274,13390271.383274
20260916,2026-09-16,por_anchor_tutoring,condition C1 passes: every path anchors on the tutoring rate,5719391.402258,-17204897.203005,17536183.332097,17356579.833350,26215878.307178,31254533.971990,0.346550,23.000000,51027.962510,55.321319,0.236130,6761283.850110,-6894481.462019,-17536183.332097,0.393157,0.501500,13965825.810650,50087614.110813,55807005.513071,0.798415,14423556.820641,14402351.963500
20260916,2026-09-16,por_anchor_software,condition C1 fails: every path anchors on software prices,-23388433.275426,-22501070.631071,23725533.517573,22513269.348383,30351352.363022,35109680.480505,0.039250,37.000000,13250.256579,25.182575,0.236082,648799.889893,-23388433.275426,-23725533.517573,0.985792,0.498550,13965825.810650,28402889.179052,5014455.903626,0.781073,14726112.480329,14705472.714183
20260916,2026-09-16,por_launch_plus3,"go-to-market three months later, landing outside the September intake",-9917552.131037,-19871906.772936,20367430.809815,19926097.738923,28001861.082140,32903328.757749,0.199050,25.000000,32857.309595,39.706263,0.236332,3392084.253684,-10985053.279168,-20367430.809815,0.539344,0.498250,13775913.024423,37273540.535806,27355988.404769,0.999032,1903439.813157,1234591.569795
20260916,2026-09-16,por_launch_plus6,go-to-market six months later,-9050614.970511,-18205909.570299,18697273.708737,18265085.459272,25491488.867122,29908174.049459,0.200700,35.000000,33084.705741,39.132787,0.236078,3127739.895823,-10897985.238521,-18697273.708737,0.582865,0.498400,12245135.042459,34058859.230777,25008244.260266,0.998467,4377969.152586,367654.409268
